番号),日付,アプリの名前
product-1,6/28.29,弓道 中り記録アプリ
product-2,6月30日,電気設備図シンボル検出アプリ
product-3,7月6日,作成したアプリを管理するアプリ
product-4,7月7日,手描き文字検出アプリ
product-5,7月8日,物体検出＋個数計測アプリ
product-6,7月9日,あみだくじアプリ
product-7,7月10日,AI学習用　手描き文字データセット作成アプリ
product-8,7月11日,PoseNet 姿勢検出アプリ
product-9,7月12日,フォルダ内のファイル名称を取得してリスト化するアプリ
product-10,7月13日,PDF変更点マーキングアプリ
product-11,7月14日,音声MP4⇒テキスト化アプリ
product-12,7月15日,フリーアドレス座席配置アプリ
product-13,7月16日,ボイスチェンジャーアプリ
product-14,7月17日,シーケンスシミュレーションアプリ
product-15,7月18日,インベーダーゲーム
product-16,7月19日,飲み会席決定アプリ
product-17,7月20日,3目ならべ python+tkinter
product-18,7月21日,迷路メーカー
product-19,7月22日,カウントダウンアプリ
product-20,7月23日,ファイル名変換アプリ
product-21,7月24日,話題サイコロアプリ
product-22,7月25日,心の声のぞき見アプリ
product-23,7月26日,レトロテニスゲーム
product-24,7月27日,今日の武将アプリ　
product-25,7月28日,青春あっち向いてほい
product-26,7月29日,心霊写真メーカー
product-27,7月30日,10秒ストップゲーム
product-28,7月31日,なり切り黄門さま
product-29,9月23日,動画の合成アプリ
product-30,8月1日,天使と悪魔のささやき
product-31,8月2日,パックマン
product-32,8月3日,BBQ忘れ物防止アプリ
product-33,8月4日,ダーツの旅アプリ
product-34,8月5日,今日の格言
product-35,8月6日,国名翻訳アプリ
product-36,8月7日,大阪の天気予報
product-37,8月8日,名前から勝手に年齢を予測するアプリ
product-38,8月9日,文章の差分チェックアプリ
product-39,8月10日,福笑いタイムアタック
product-40,8月11日,２つの画像の違いを指摘するアプリ
product-41,8月12日,なぞかけアプリ
product-42,8月13日,画像処理イロハのイのアプリ
product-43,8月14日,音声処理イロハのイのアプリ
product-44,8月15日,言い訳を考えてくれるアプリ
product-45,8月16日,火星の気象情報取得アプリ
product-46,8月17日,五重塔を探せアプリ
product-47,8月18日,大阪弁ライティング練習アプリ
product-48,8月19日,YOLO リアル物体検知
product-49,8月20日,棒人間（posenet）
product-50,8月21日,ワードクラウド
product-51,8月22日,AR！イロハのイのアプリ
product-52,8月23日,性格マッチングアプリ
product-53,8月24日,棒人間だけ
product-54,8月25日,画像を見て一言
product-55,8月26日,避難シミュレーション
product-56,8月27日,リアルタイムに顔にモザイク掛ける
product-57,8月28日,コーディネート
product-58,8月29日,デスクトップ整理アプリ
product-59,8月30日,音圧ヒートマップアプリ
product-60,8月31日,表情検出　Media Pipe
product-61,9月1日,NASA 今日の宇宙写真
product-62,9月2日,数字パズルジェネレーター（数独）
product-63,9月3日,ご当地シャッフル
product-64,9月4日,試験応援アプリ
product-65,9月5日,AI編集された可能性検出アプリ
product-66,9月6日,路線と路線長を出すアプリ
product-67,9月7日,画像の深さを探るアプリ
product-68,9月8日,京阪電車の駅ですごろく
product-69,9月9日,動画の逆再生アプリ
product-70,9月10日,NHK番組取得＋お気に入り登録アプリ
product-71,9月11日,アハ体験アプリ
product-72,9月11日,アタック25風パネル
product-73,9月12日,モールス信号変換アプリ
product-74,9月13日,星占いアプリ
product-75,9月14日,京都観光ルート検索アプリ
product-76,9月15日,薬の飲み忘れ防止アプリ
product-77,9月16日,筆跡性格判断アプリ
product-78,9月17日,アニメ今日の名言
product-79,9月18日,花火情報アプリ
product-80,9月19日,光を覚えて追いかけろ
product-81,9月20日,お菓子予算シミュレーター
product-82,9月21日,真顔タイムトライアル
product-83,9月22日,改良！フリーアドレス席割り当てアプリ
product-84,9月23日,映画館おすすめ席予約アプリ
product-85,9月24日,運動会できるかな？アプリ
product-86,9月25日,ボーリングスコアアプリ
product-87,9月26日,肩たたき券管理アプリ
product-88,9月27日,おすすめ映画タイムスケジュールアプリ
product-89,9月28日,アンガーマネジメント
product-90,9月29日,万歩計
product-91,9月30日,未来の自分へあてた手紙
product-92,10月1日,本整理アプリ
product-93,10月2日,お月見できるかアプリ
product-94,10月3日,初心者競馬
product-95,10月4日,ゴルフスコア記録・分析
product-96,10月5日,相性バッチリ！ゴルフペアリング
product-97,10月6日,AIを見破る！文章編
product-98,10月7日,ミッションインポッシブル風タスクリスト
product-99,10月8日,カフェイン血中濃度アプリ
product-100,10月9日,エンドロールアプリ
